Title,Price,Rating,Reviews,query
"HP 14 Laptop, Intel Celeron N4020, 4 GB RAM, 64 GB Storage, 14-inch Micro-edge HD Display, Windows 11 Home, Thin & Portable, 4K Graphics, One Year of Microsoft 365 (14-dq0040nr, Snowflake White)",$172.89,4.1 out of 5 stars,N/A,laptop
"HP 15.6"" Laptop with Microsoft 365-1.1TB Storage - 8GB Memory - Intel Inside | Anti-Glare Display, 128GB SSD and 1TB Cloud Storage, 4-Cores CPU, Fast Charge and 12hrs Battery, no Mouse",$298.83,4.3 out of 5 stars,N/A,laptop
"Apple 2025 MacBook Air 13-inch Laptop with M4 chip: Built for Apple Intelligence, 13.6"" Liquid Retina Display, 16GB Unified Memory, 256GB SSD Storage, 12MP Center Stage Camera, Touch ID, Midnight",$899.00,4.8 out of 5 stars,N/A,laptop
"15.6 Inch Laptop with Office 365, 4GB RAM, 128GB Storage Expandable 1TB, 5205U Processor, 1080P FHD IPS Display, Windows 11 Laptops Computer, Wi-Fi 5, BT4.2, Numpad, Type-C, for Business and Students.",$219.99,4.9 out of 5 stars,N/A,laptop
"HP Chromebook 14 Laptop, Intel Celeron N4120, 4 GB RAM, 64 GB eMMC, 14"" HD Display, Chrome OS, Thin Design, 4K Graphics, Long Battery Life, Ash Gray Keyboard (14a-na0226nr, 2022, Mineral Silver)",$163.70,4.3 out of 5 stars,N/A,laptop
"HP Latest Stream 14"" HD Laptop, Intel Celeron Processor, 4GB Memory, 64GB eMMC Storage, Fast Charge, HDMI, Up to 11 Hours Long Battery Life, Office 365 1-Year, Win 11 S, Microfiber Bundle, White",$173.00,4.2 out of 5 stars,N/A,laptop
"2026 New 15.6'' Laptop Win 11 Pro, Intel Core i3 Processor, 8GB RAM, 256GB SSD, 1080p FHD IPS Display, Backlit Keyboard, Fingerprint, WiFi5&BT5, Mini-HDMI, USB3.2 Gen1, TF Card Slot, for Study, Work",$209.99,4.0 out of 5 stars,N/A,laptop
"HP Rose Gold Ultrabook Laptop with Microsoft Office 365, Intel 2-Core CPU, 1.1TB Storage (1TB OneDrive and 64GB SSD), 8GB RAM, Windows 11, No Mouse",$265.67,4.3 out of 5 stars,N/A,laptop
"Apple 2025 MacBook Air 13-inch Laptop with M4 chip: Built for Apple Intelligence, 13.6"" Liquid Retina Display, 16GB Unified Memory, 256GB SSD Storage, 12MP Center Stage Camera, Touch ID, Sky Blue",$879.00,4.8 out of 5 stars,N/A,laptop
"HP 2023 Chromebook Laptop, 14 Inch Display, Intel Celeron N4120 Processor, 4GB RAM, 64GB eMMC, Intel UHD Graphics 600, WiFi, Bluetooth, Chrome OS, Modern Gray",$155.00,4.2 out of 5 stars,N/A,laptop
"Lenovo 2026 New V15 Laptop for Student & Business with Microsoft Office on the Web, AMD Ryzen 3 7320U (Beat i7-1065G7), 15.6'' FHD, 16GB RAM, 256GB SSD, Ethernet Port RJ-45, Windows 11 Pro, No Mouse",$359.98,4.5 out of 5 stars,N/A,laptop
"Dell 15 Laptop DC15250-15.6-inch FHD 120Hz Display, Intel Core 3 Processor 100U Processor, 8GB DDR4 RAM, 512GB SSD, Intel UHD Graphics, Windows 11 Home, Onsite Service - Carbon Black",$375.00,4.3 out of 5 stars,N/A,laptop
acer Chromebook 15.6in Full HD IPS LCD in Lavender Intel Processor Up to 2.8GHz 4GB DDR4 64GB eMMC Intel 4K Graphics 6th Gen WiFi Webcam Chrome OS (CB315P - Renewed),$159.99,4.4 out of 5 stars,N/A,laptop
"ASUS Vivobook Go 15.6” FHD Slim Laptop, AMD Ryzen 3 7320U Quad Core Processor, 8GB DDR5 RAM, 128GB SSD, Windows 11 Home, Fast Charging, Webcam Sheild, Military Grade Durability, Black, E1504FA-AS33",$290.00,4.3 out of 5 stars,N/A,laptop
"Dell 15 Laptop DC15255-15.6-inch FHD 120Hz Display, AMD Ryzen 5-7520U, 8GB LPDDR5 RAM, 512GB SSD, AMD Radeon 610M Graphics, Windows 11 Home, Onsite Service - Carbon Black",$369.98,4.1 out of 5 stars,N/A,laptop
"acer Aspire Go 15 AI Ready Laptop | 15.6"" FHD (1920 x 1080) IPS Display | Intel Core 3 Processor N355 | Intel Graphics | 8GB DDR5 | 128GB UFS | Wi-Fi 6 | Windows 11 Home in S Mode | AG15-32P-39R2",$259.00,4.4 out of 5 stars,N/A,laptop
"Apple 2025 MacBook Air 15-inch Laptop with M4 chip: Built for Apple Intelligence, 15.3"" Liquid Retina Display, 16GB Unified Memory, 256GB SSD Storage, 12MP Center Stage Camera, Touch ID, Midnight","$1,049.00",4.8 out of 5 stars,N/A,laptop
"HP Chromebook 14 Laptop, Intel Celeron N4000 Processor, 4 GB RAM, 32 GB eMMC, 14” HD Display, Chrome, Lightweight Computer with Webcam and Dual Mics, Home, School, Music, Movies (14a-na0021nr, 2021)",$169.45,4.4 out of 5 stars,N/A,laptop
"HP 14"" HD Laptop, Windows 11, Intel Celeron Dual-Core Processor Up to 2.60GHz, 4GB RAM, 64GB SSD, Webcam, Dale Pink (Renewed)",$176.98,4.3 out of 5 stars,N/A,laptop
"HP Chromebook 14A G5 Laptop 14"" HD 1366 x 768 AMD A4-9120C Processor AMD Radeon R4 Graphics 4GB DDR4 RAM 32GB eMMC 1.6 GHz Chrome OS Wi-Fi Bluetooth Natural Silver (Renewed)",$82.83,3.9 out of 5 stars,N/A,laptop
"Dell 16 Laptop DC16251-16.0-inch 16:10 FHD+ Display, Intel Core 7 150U, 16GB DDR5 RAM, 1TB SSD, Intel Graphics, Windows 11 Home, Onsite Service - Platinum Silver",$699.98,4.7 out of 5 stars,N/A,laptop
"Dell Inspiron 15.6"" 2K Touchscreen Business Laptop, 13th Gen Intel Core i5 (Beat i7-1250U), 16GB RAM, 512GB External and 256GB SSD Storage, Win 11, Office 365 for Web, USB-C, no Mouse",$499.99,4.1 out of 5 stars,N/A,laptop
"HP Convertible 2-in-1 Chromebook in Blue 14"" Touch FHD Intel 4-Core up to 3.40GHz 4GB Ram 64GB Storage 4K Graphics Super-Fast WiFi Chrome OS (14b - Renewed)",$219.90,4.5 out of 5 stars,N/A,laptop
"HP Portable 13.8"" HD IPS Laptop, Intel Celeron N Processor Up to 2.78GHz, 4GB DDR4, 64GB SSD, HDMI, RJ45, Webcam, Bluetooth, Windows 11, Pastel Pink(Renewed)",$178.48,4.3 out of 5 stars,N/A,laptop
"HP EliteBook 745 G6 14"" 16GB 512GB SSD AMD Ryzen™ 5 Pro 3500U 2.10GHz WIN11P, Silver (Renewed)",$245.60,3.4 out of 5 stars,N/A,laptop
"acer Predator Helios Neo 16” AI Gaming Laptop, Intel Core Ultra 9 275HX, NVIDIA GeForce RTX 5070 Ti (Up to 992 AI Tops), 2560×1600 240Hz, 64GB DDR5 2TB SSD, Windows 11, w/Mouse pad","$2,319.99",N/A,N/A,laptop
"Dell Pro 16 Laptop Computer, Intel Core Ultra 7 265U & AI for Business, 16"" Touch IPS Display, 64GB DDR5 RAM, 1TB PCIe SSD, WiFi 6E, Bluetooth 5.3, Backlit Keyboard, Windows 11 Pro","$1,649.99",4.4 out of 5 stars,N/A,laptop
"HP 2025 Lightweight Chromebook, 14'' HD IPS Display, Intel N Processor Up to 3.69GHz, 4GB LPDDR5 Ram, 128GB SSD, Super-Fast 6th Gen WiFi, Chrome OS, Dale Silver (Renewed)",$149.99,4.2 out of 5 stars,N/A,laptop
"Dell Latitude 3190 11.6"" HD 2-in-1 Touchscreen Laptop Intel N5030 1.1Ghz 4GB Ram 128GB SSD Windows 11 Professional (Renewed)",$154.99,4.1 out of 5 stars,N/A,laptop
"Dell Inspiron 15.6"" FHD Touchscreen Laptop, 64GB RAM, 2TB SSD, Speed 8-Core AMD Ryzen 7 7730U (Outperforms Intel i7-1255U in Multitasking), Windows 11 Pro, Long Battery Life, w/WOWPC Recovery USB","$1,118.00",4.1 out of 5 stars,N/A,laptop
"acer Swift X 14 Laptop | 14.5"" 3K OLED Gorilla Glass 120Hz Touch Display | Intel Core Ultra 9 Processor 285H | NVIDIA GeForce RTX 5070 | 32GB LPDDR5X | 1TB SSD | Haptic Touchpad | SFX14-73G-91QV","$1,999.99",N/A,N/A,laptop
"Dell Latitude Rugged 5420 Laptop | 14"" 1920x1080 FHD | Core i7-8650U - 2TB SSD Hard Drive - 32GB RAM - AMD Radeon RX 540 | 4 cores @ 4.2 GHz - 4GB GDDR5 Win 11 Pro Black (Renewed)",N/A,4.0 out of 5 stars,N/A,laptop
"Dell Latitude 5550 5000 Business AI PC Laptop (15.6"" FHD Anti-Glare, Intel 12-Core Ultra 5 125U (> i7-1355U), 16GB DDR5 RAM, 512GB SSD), Backlit, 1080p Webcam, Thunderbolt 4, Ethernet, Win 11 Pro",$949.99,4.4 out of 5 stars,N/A,laptop
"HP 15.6"" FHD Laptop, Windows 11 Pro, Free Lifetime MS Office • Copilot AI, Intel 8 Core i3-N305, 32GB RAM, 1TB SSD, for Business, Home, Student, 10-Key Num Pad, External DVD Drive & USB Flash Drive",$579.99,5.0 out of 5 stars,N/A,laptop
HP 14a Chromebook in Sparkly White 14in HD Intel Quad Core up to 3.7Ghz 4GB DDR5 128GB Storage WiFi Webcam 4K Grahics Chrome OS (14a-nf – Renewed),$142.97,4.4 out of 5 stars,N/A,laptop
"Lenovo V15 Gen 4 Business Laptop, 15.6"" FHD Display, Intel Core i5-13420H (Beat i7-1355U), HDMI, RJ45, Webcam, Numeric Keypad, Wi-Fi, Windows 11 Pro, Black (16GB RAM | 512GB SSD)",$469.00,4.5 out of 5 stars,N/A,laptop
"HP 14"" Ultral Light Laptop for Students and Business, Intel Quad-Core, 8GB RAM, 192GB Storage(64GB eMMC+128GB Ghost Manta SD Card), 1 Year Office 365, USB C, Win 11 S",$242.88,4.0 out of 5 stars,N/A,laptop
"Dell Latitude 5420 14"" FHD Business Laptop Computer, Quad-Core i7-1185G7 Notebook PC, 16 GB DDR4 RAM, 512 GB SSD, Webcam, HDMI, Windows 11 Pro (Renewed)",$299.99,3.8 out of 5 stars,N/A,laptop
"HP EliteBook 840 G8 Laptop, 14-inch FHD Display, Intel Core i5-1145G7, 16GB RAM, 512GB SSD, Backlit Keyboard, HDMI, Windows 11 Pro (Renewed)",$330.00,5.0 out of 5 stars,N/A,laptop
"Lenovo Ideapad 15.6"" Laptop with Microsoft 365 | Intel Dual-Core CPU | 1.6TB Storage (1TB OneDrive + 128GB SSD + 512GB External) | 8GB RAM | Wi-Fi 6 | 10HR Battery | Windows 11 | WOWPC 3-in-1 Bundle",$299.98,5.0 out of 5 stars,N/A,laptop
"HP 14"" HD Display Laptop, Intel Celeron N4500, 4GB ram, 64GB eMMC, Intel UHD Graphics, Wi-Fi 6, 720p HD Camera, Media Card Reader, Win 11S, White (Renewed)",$159.99,4.1 out of 5 stars,N/A,laptop
"ASUS Chromebook CX1500 15.6"" FHD Laptop, Intel Celeron N3350 Processor, 4GB RAM, 64GB eMMC, Intel HD Graphics, 720P HD Webcam, Wi-Fi, Bluetooth, Chrome OS, Black (Renewed)",$107.99,4.1 out of 5 stars,N/A,laptop
"HP 14"" HD Thin and Light Laptop, Intel Processor N150(Beat N4120), 8GB RAM, 256GB Storage(128GB UFC+128GB MicroSD), Office 365, Copilot AI, WiFi 6, BT 5.4, HDMI, W/128GB PSD, Win11 S, Honey Lavender",$293.99,4.5 out of 5 stars,N/A,laptop
"HP 2024 Portable 15'' HD Micro-Edge IPS Laptop, Intel Pentium Processor Up to 3.68GHz, 16GB DDR4, 128GB SSD, HDMI, Webcam, Ultra-Fast 6th Gen WiFi, Windows 11 OS, Dale Red (Renewed)",$232.99,4.2 out of 5 stars,N/A,laptop
"ASUS Vivobook 14"" FHD Laptop, Intel Core i3-1315U, 16GB RAM, 512GB PCIe SSD, External DVD Drive & USB Flash Drive, Wi-Fi, HDMI, Webcam, Long Battery Life, Touchpad, Quiet Blue • Windows 11",$339.98,4.3 out of 5 stars,N/A,laptop
"HP 15 Laptop, 15.6"" HD Screen, Intel Pentium N5030 Processor, 16GB DDR4 RAM, 1TB SSD, HDMI, Media Card Reader, RJ45, Wi-Fi, Windows 11 Home, Black",$379.00,4.1 out of 5 stars,N/A,laptop
"HP Stream 14"" HD Laptop, Intel Processor N150, 4GB RAM, 128GB UFS, Intel Graphics, Copilot, Fast Charge, Wi-Fi 6, Windows 11 S, Sky Blue (Renewed)",$179.00,4.6 out of 5 stars,N/A,laptop
"HP Stream 14"" HD BrightView Laptop, Intel Processor N150, 16GB RAM, 416GB Storage (128GB eMMC + 288GB Docking Station Set), Intel UHD Graphics, 720p Camera, Wi-Fi, 1 Year Office 365, Win 11 S, Gold",$359.00,4.5 out of 5 stars,N/A,laptop
"Soundcore by Anker Q20i Hybrid Active Noise Cancelling Headphones, Wireless Over-Ear Bluetooth, 40H Long ANC Playtime, Hi-Res Audio, Big Bass, Customize via an App, Transparency Mode (White)",N/A,4.6 out of 5 stars,N/A,headphones
"Beats Solo 4 - Wireless On-Ear Bluetooth Headphones, Up to 50-Hour Battery Life, Ultra-Lightweight Comfort, Powerful and Balanced Sound, Apple & Android Compatible - Matte Black",$149.95,4.6 out of 5 stars,N/A,headphones
USB C Headphone for Samsung S25 S24 S23 Ultra FE Wired Earbuds in-Ear Type C Earphone with Microphone Volume Control Stereo Noise Canceling for iPhone 17 16 15 Pro Max Pixel 10,$7.99,4.0 out of 5 stars,N/A,headphones
"Apple EarPods Headphones with USB-C Plug, Wired Ear Buds with Built-in Remote to Control Music, Phone Calls, and Volume",$17.99,4.6 out of 5 stars,N/A,headphones
"Logitech H390 Wired Headphones with Mic, USB-A Headset with Microphone for PC, Noise Cancelling Microphone for Video Meetings, Music, Gaming - Black",$20.99,4.3 out of 5 stars,N/A,headphones
"JBL Tune 720BT - Wireless Over-Ear Headphones with JBL Pure Bass Sound, Bluetooth 5.3, Up to 76H Battery Life and Speed Charge, Lightweight, Comfortable and Foldable Design (Black)",$89.95,4.5 out of 5 stars,N/A,headphones
"Coca-Cola Wireless Earbuds with Bottle Shaped Charging Case, Automatic Pairing In-Ear Headphones with Built-In Mic, Voice Assistant Compatibility, 9H Playtime. HD Stereo Sound, Touch Controls (Grey)",$32.99,N/A,N/A,headphones
"Sony ZX Series Wired On-Ear Headphones, Black MDR-ZX110",$14.88,4.5 out of 5 stars,N/A,headphones
"BERIBES Bluetooth Headphones Over Ear, 65H Playtime and 6 EQ Music Modes Wireless Headphones with Microphone, HiFi Stereo Foldable Lightweight Headset, Deep Bass for Home Office Cellphone PC Ect.",$19.98,4.5 out of 5 stars,N/A,headphones
"Soundcore by Anker Q20i Hybrid Active Noise Cancelling Headphones, Wireless Over-Ear Bluetooth, 40H Long ANC Playtime, Hi-Res Audio, Big Bass, Customize via an App, Transparency Mode",N/A,4.6 out of 5 stars,N/A,headphones
"Apple EarPods Headphones with Lightning Connector, Wired Ear Buds for iPhone with Built-in Remote to Control Music, Phone Calls, and Volume",$15.96,4.6 out of 5 stars,N/A,headphones
"Sony WH-CH520 Wireless Headphones Bluetooth On-Ear Headset with Microphone and up to 50 Hours Battery Life with Quick Charging, Blue",$69.99,4.5 out of 5 stars,N/A,headphones
OneOdio Wired Over Ear Headphones Hi-Res Studio Monitor & Mixing DJ Stereo Headsets with 50mm Drivers and 1/4 to 3.5mm Jack for AMP Computer Recording Podcast Keyboard Guitar Laptop - Black,$27.99,4.4 out of 5 stars,N/A,headphones
"Sony WH-CH520 Wireless Headphones Bluetooth On-Ear Headset with Microphone and up to 50 Hours Battery Life with Quick Charging, Black",N/A,4.5 out of 5 stars,N/A,headphones
"Picun B8 Bluetooth Headphones, 120H Playtime Headphone Wireless Bluetooth with 3 EQ Modes, Low Latency, Hands-Free Calls, Over Ear Headphones for Travel Home Office Cellphone PC Black",$17.99,4.6 out of 5 stars,N/A,headphones
"Soundcore Q30 by Anker, Hybrid Active Noise Cancelling Headphones, Multiple Modes, Hi-Res Audio, Custom EQ via App, 50H Playtime, Comfortable Fit, Bluetooth, Multipoint Connection",$57.99,4.4 out of 5 stars,N/A,headphones
"Apple AirPods 4 Wireless Earbuds, Bluetooth Headphones, Personalized Spatial Audio, Sweat and Water Resistant, USB-C Charging Case, H2 Chip, Up to 30 Hours of Battery Life, Effortless Setup for iPhone",$114.95,4.5 out of 5 stars,N/A,headphones
"Headphones Wired with Microphone, Over Ear Foldable 3.5mm Plug in Headphones Corded with 4.9ft Tangle-Free Nylon Cord for Tablet, Laptop, MP3/4, School, Airplane Travel (Beige)",$12.98,4.5 out of 5 stars,N/A,headphones
"Apple AirPods Max Wireless Over-Ear Headphones, Pro-Level Active Noise Cancellation, Transparency Mode, Personalized Spatial Audio, USB-C Charging, Bluetooth Headphones for iPhone - Midnight",$499.99,4.6 out of 5 stars,N/A,headphones
"JLab JBuds Lux ANC Wireless Headphones, Mauve, Hybrid Active Noise Cancelling, Customizable Sound, Spatial Audio Compatible, Premium Over-Ear Bluetooth Headset",$79.98,4.6 out of 5 stars,N/A,headphones
"JBL Vibe Beam 2 - True Wireless Noise Cancelling Earbuds with JBL Pure Bass Sound & Smart Ambient technology, 4mics for crisp, clear calls, up to 40Hrs of Playback, IP54 Dust & Water resistant (Black)",$64.95,4.2 out of 5 stars,N/A,headphones
"Apple AirPods Pro 3 Wireless Earbuds, Active Noise Cancellation, Live Translation, Heart Rate Sensing,Hearing Aid Feature,Bluetooth Headphones,Spatial Audio, High-Fidelity Sound, USB-C Charging, White",$239.95,4.4 out of 5 stars,N/A,headphones
"JBL Tune 520BT - Wireless On-Ear Headphones, Up to 57H Battery Life and Speed Charge, Lightweight, Comfortable and Foldable Design, Hands-Free Calls with Voice Aware (Black)",$59.95,4.6 out of 5 stars,N/A,headphones
"Bose QuietComfort Ultra Bluetooth Headphones, Wireless Headphones with Spatial Audio, Over Ear Noise Cancelling with Mic, Up to 24 Hours of Playtime, Deep Plum - Limited Edition Color",$279.00,4.2 out of 5 stars,N/A,headphones
"Beats Studio Pro - Premium Wireless Over-Ear Headphones- Up to 40-Hour Battery Life, Active Noise Cancelling, USB-C Lossless Audio, Apple & Android Compatible - Black",$249.95,4.5 out of 5 stars,N/A,headphones
"KVIDIO Bluetooth Headphones Over Ear, 65 Hours Playtime Wireless Headphones with Microphone, Foldable Lightweight Headset with Deep Bass, HiFi Stereo Sound Low Latency for Travel Work Cellphone",$18.98,4.5 out of 5 stars,N/A,headphones
"Skullcandy Jib Wired Earbuds with 3.5mm AUX Plug, Noise Isolating Fit, In-Line Microphone Call and Track Control, Convenient for Travel - Black",$7.41,4.4 out of 5 stars,N/A,headphones
"Bose QuietComfort Headphones - Wireless Bluetooth Headphones, Active Over Ear Noise Cancelling and Mic, USB-C Charging, Deep Bass, Up to 24 Hours of Playtime, Twilight Blue - Limited Edition Color",$359.00,4.6 out of 5 stars,N/A,headphones
"JBL Tune 770NC - Adaptive Noise Cancelling with Smart Ambient Wireless Over-Ear Headphones, Bluetooth 5.3, Up to 70H Battery Life with Speed Charge, Lightweight, Comfortable & Foldable Design (Black)",$149.95,4.5 out of 5 stars,N/A,headphones
"Bang & Olufsen Beoplay H95 Premium Comfortable Wireless Active Noise Cancelling (ANC) Over-Ear Headphones with Protective Carrying Case, Gold Tone","$1,250.00",4.2 out of 5 stars,N/A,headphones
"Boean Bluetooth Headphones, Wireless Headphones with 16 Hours Playtime Bluetooth 5.3 Wireless Earbuds HD Deep Bass Stereo Sound Isolation IPX7 Waterproof Earphones for Workout Running Sports",$19.99,4.3 out of 5 stars,N/A,headphones
"Koss KPH7 Lightweight Portable Headphone, Black",$4.95,4.3 out of 5 stars,N/A,headphones
Kids Headphones - noot products K11 Foldable Stereo Tangle-Free 3.5mm Jack Wired Cord On-Ear Headset for Children/Teens/Boys/Girls/Smartphones/School/Kindle/Airplane Travel/Plane/Tablet (Navy/Teal),$12.99,4.7 out of 5 stars,N/A,headphones
"TOZO A1 Wireless Earbuds Bluetooth 5.3 Light Weight in Ear IPX5 Waterproof Headphones 2 Mic for AI Calls, Immersive Premium Sound Bass Headset with Charging Case, 32 Presets EQ Customization via App",$13.99,4.3 out of 5 stars,N/A,headphones
"Panasonic Headphones, Lightweight Over the Ear Wired Headphones with Clear Sound and XBS for Extra Bass, Long Cord, 3.5mm Jack for Phones and Laptops – RP-HT161-K (Black)",$16.99,4.3 out of 5 stars,N/A,headphones
"JBL Live 770NC - Wireless Over-Ear Headphones with True Adaptive Noise Cancelling with Smart Ambient, Up to 65 Hours of Battery Life, Comfort-fit Fabric Headband & Carrying Pouch (Black)",$199.95,4.6 out of 5 stars,N/A,headphones
"Sony WH-1000XM6 The Best Noise Canceling Wireless Headphones, HD NC Processor QN3, 12 Microphones, Adaptive NC Optimizer, Mastered by Engineers, Studio-Quality, 30-Hour Battery, Midnight Blue",$398.00,4.3 out of 5 stars,N/A,headphones
"JLab Go Air Pop+ Tones True Wireless Earbuds, in Ear Headphones, Bluetooth Earphones, 35H Playtime Ear Buds, Bluetooth Earbuds with Microphone, USB-C Charging Case, Dual Connect, EQ3 Sound, (1615 C)",$18.98,4.4 out of 5 stars,N/A,headphones
"LORELEI X6 Over-Ear Wired Stereo Bass Headphones with Microphone, Lightweight, Foldable & Portable with 1.45M No-Tangle for Smartphone, Tablet, MP3/4, Space Black",$12.99,4.3 out of 5 stars,N/A,headphones
Philips Audio SHP9500 HiFi Precision Stereo Over-Ear Headphones (Black),$79.98,4.5 out of 5 stars,N/A,headphones
"Soundcore P30i by Anker Noise Cancelling Earbuds, Strong and Smart Noise Cancelling, Powerful Bass, 45H Playtime, 2-in-1 Case and Phone Stand, IP54, Wireless Earbuds, Bluetooth 5.4 (Green)",$29.99,4.4 out of 5 stars,N/A,headphones
Sony MDR7506 Professional Large Diaphragm Headphone,$109.99,4.7 out of 5 stars,N/A,headphones
"Sony WH-CH720N Noise Canceling Wireless Headphones Bluetooth Over The Ear Headset with Microphone and Alexa Built-in, White New",N/A,4.4 out of 5 stars,N/A,headphones
"JOYWISE Bluetooth Headphones, Wireless Earbuds IPX7 Waterproof Bluetooth 5.3 Headphones with 16Hrs Playtime Stereo Bass Headsets with Mic Running Headsets with Earhooks for Sports Running Workout",$19.99,4.3 out of 5 stars,N/A,headphones
"TOZO Hybrid Active Noise Cancelling Headphones, Wireless Over Ear Bluetooth Headset, 60H Playtime, Hi-Res Audio Custom EQ via App Deep Bass Comfort Fit Ear Cups, for Home Office Travel",$30.38,4.5 out of 5 stars,N/A,headphones
"Skullcandy Crusher Wireless Bluetooth Headphones with Multi-Sensory Bass, Noise Isolating Over-Ear Fit, Up to 50 Hours Battery, Microphone for iPhone Android",$98.99,4.6 out of 5 stars,N/A,headphones
"Amazon Basics Wired Earbuds with Microphone, In Ear Headphones, 3.5mm Jack, 4.2 ft long cable, S/M/L Ear Tips, Black",$8.42,4.2 out of 5 stars,N/A,headphones
"Wentronic Y01 Wireless Noise Canceling Headphones Bluetooth 5.3 Over Ear Headphones with Microphone, Hi-Res Audio, 48H Playtime, Foldable Comfortable Earpads,Compatible with iOS,Android,PC, Starlight",$37.90,4.4 out of 5 stars,N/A,headphones
"Google Pixel 9a with Gemini - Unlocked Android Smartphone with Incredible Camera and AI Photo Editing, All-Day Battery, and Powerful Security - Obsidian - 128 GB",$399.00,4.5 out of 5 stars,N/A,smartphone
"Samsung Galaxy S25 FE Cell Phone (2025), 256GB AI Smartphone, Unlocked Android, Large Display, 4900mAh Battery, High Res-Camera, AI Photo Edits, Durable, US 1 Yr Warranty, JetBlack",$681.99,4.6 out of 5 stars,N/A,smartphone
"Blackview XPLORE 2 (48GB+1TB) 5G AI Rugged Phone with Projector, MTK8300 Android 15 6.73"" 3.2K AMOLED Display, 20000mAh/120W Fast Charger, 50MP+20MP Night Vision, 467LM Dual Camp Lights WiFi 6E IP69K",$749.99,5.0 out of 5 stars,N/A,smartphone
Motorola Moto G Power 5G | 2024 | Unlocked | Made for US 8/128GB | 50MP Camera | Midnight Blue,$128.57,4.3 out of 5 stars,N/A,smartphone
Motorola Moto G - 2025 | Unlocked | Made for US 4/128GB | 50MP Camera | Forest Gray,$174.99,4.3 out of 5 stars,N/A,smartphone
"Tracfone Motorola Moto g Play 2024 [Activation Promotion] Locked to Tracfone, 64GB, Includes 1500Min/1500Txt/1500MB, 365 Days Service Plan, 6.5"" 90Hz Display, 50MP Camera, Storage 4GB RAM",$49.99,4.3 out of 5 stars,N/A,smartphone
"P24 Ultra Unlocked Phones, 12GB+512GB Smartphone, 5G Android 14 Phone with 108MP+48MP Camera, Snapdragon 888, 6.8"" Full HD+ OLED Screen, 5000mAh Battery, Dual SIM, GPS (Purple)",$129.99,5.0 out of 5 stars,N/A,smartphone
"SAMSUNG Galaxy A16 4G LTE (128GB + 4GB) International Model SM-A165F/DS Factory Unlocked 6.7"" Dual Sim 50MP Dual Cam (Case Bundle) (Light Green)",$125.99,4.3 out of 5 stars,N/A,smartphone
"Samsung Galaxy A16 4G Dual SIM (128GB, 2025) 6.7"" 90Hz AMOLED, Splash Resistant, 8Core, 50MP Camera (Factory Unlocked International Model for GSM, Global) A165M/DS (25W Fast Charger Bundle, Grey)",$124.98,4.3 out of 5 stars,N/A,smartphone
"Google Pixel 9a with Gemini - Unlocked Android Smartphone with Incredible Camera and AI Photo Editing, All-Day Battery, and Powerful Security - Iris - 128 GB",$399.00,4.5 out of 5 stars,N/A,smartphone
Motorola Moto G 5G | 2024 | Unlocked | Made for US 4/128GB | 50MP Camera | Sage Green,$129.99,4.3 out of 5 stars,N/A,smartphone
"Motorola Moto G Stylus 5G | 2024 | Unlocked | Made for US 8/256GB | 50MP Camera | Caramel Latte | 2024, Unlocked, Made for US, 50MP Camera",$219.99,4.5 out of 5 stars,N/A,smartphone
"Tracfone Motorola Moto g 5G (2024) [Activation Promotion] Locked Prepaid Smartphone, 128GB, Gray - Includes $20 Unlimited Talk, Text, & 4GB Data 30-Day Plan",$49.99,4.3 out of 5 stars,N/A,smartphone
"Samsung Galaxy A16 5G A Series, Unlocked Android Smartphone, Large AMOLED Display, Durable Design, Super Fast Charging, Expandable Storage, 5G Connectivity, US Version, 2025, Blue Black",N/A,4.2 out of 5 stars,N/A,smartphone
BLU Bold N4 5G | Unlocked | 6.78” Curved Display + 1.74” Rear Display | 50MP + 16MP Selfie | 512/8GB I NFC I Android 15 | US Version | US Warranty | White,$249.99,4.4 out of 5 stars,N/A,smartphone
"Samsung Galaxy S22 Smartphone, Factory Unlocked Android Cell Phone, 128GB, 8K Camera & Video, Brightest Display, Long Battery Life, Fast 4nm Processor, US Version, Phantom Black (Renewed)",$173.14,3.9 out of 5 stars,N/A,smartphone
"Samsung Galaxy A36 5G A Series, 128GB Unlocked Android Smartphone, AMOLED Display, Rugged Design, 5G Connectivity, Affordable Performance, US Version, 2025, US 1 Yr Warranty, Awesome Lavender",$349.99,4.4 out of 5 stars,N/A,smartphone
Motorola razr | 2024 | Unlocked | Made for US 8/256GB | 50MP Camera | Beach Sand,$399.99,4.2 out of 5 stars,N/A,smartphone
"Samsung Galaxy S20 FE 5G, 128GB, Cloud Navy - Unlocked (Renewed)",$144.95,3.9 out of 5 stars,N/A,smartphone
"Motorola Moto G 5G 2024 (128GB, 4GB) 6.6"", 50MP Dual Camera, Android 14, XT2417 (Unlocked, Sage Green) (Renewed)",$97.49,4.0 out of 5 stars,N/A,smartphone
"Google Pixel 7 5G, US Version, 128GB, Obsidian - Unlocked (Renewed)",$174.95,3.9 out of 5 stars,N/A,smartphone
"OnePlus 15, 12GB RAM + 256GB Storage, Dual-SIM, Unlocked Android Smartphone, Snapdragon 8 Elite Gen 5, 7300mAh Battery, Infinite Black",$899.99,4.4 out of 5 stars,N/A,smartphone
Motorola Moto G Stylus - 2025 | Unlocked | Made for US 8/256GB | 50MP Camera | Pantone Gibraltar Sea,$349.00,4.5 out of 5 stars,N/A,smartphone
"Samsung Galaxy A12, Unlocked Smartphone, Android Cell Phone, Multi-Camera System, Expandable Storage, US Version, 32Gb, Black (Renewed)",$83.99,3.8 out of 5 stars,N/A,smartphone
"Samsung Galaxy Z Flip7 Cell Phone, 256GB AI Smartphone, Unlocked Android, high-res 50 MP Camera, Powerful Processor, Long Battery Life, 2025, US 1 Yr Manufacturer Warranty, Coral Red",$899.00,4.5 out of 5 stars,N/A,smartphone
"Samsung Electronics Galaxy Note 20 Ultra 5G Factory Unlocked Android Cell Phone | US Version | 128GB of Storage | Mobile Gaming Smartphone | Mystic Bronze, SM-N986UZNAXAA (Renewed)",$259.95,4.0 out of 5 stars,N/A,smartphone
"DOOGEE Note56X Pro Android 16 Unlocked Phones with Gemini AI,6150mAh Battery Cell Phone,32GB+128GB/2TB,6.56""HD+90Hz,Dual SIM Octa Core Smartphone,8.45mm Ultra-Slim,13MP+8MP,Widevine L1/NFC/OTG/Face ID",$115.99,4.5 out of 5 stars,N/A,smartphone
"Motorola Moto G Power 5G 2024 (128GB, 8GB) 6.7"" HD+ w/ 120Hz Refresh Rate, 50MP Camera, 5G / 4G LTE (AT&T Unlocked for T-Mobile, Metro, Global) XT2415-3 (Midnight Blue) (Renewed)",$97.11,3.7 out of 5 stars,N/A,smartphone
"Samsung Galaxy A56 5G 2025 | 256GB, 12GB, Dual SIM | 6.7"" 120Hz AMOLED, IP67 Water Resistant, Android 15 | International Model Factory Unlocked for T-Mobile & Global | 25W Charger Bundle (Graphite)",$362.85,4.5 out of 5 stars,N/A,smartphone
"Google Pixel 9 - Unlocked Android Smartphone with Gemini, 24-Hour Battery, Advanced Camera, and 6.3"" Actua Display - Porcelain - 128 GB",$499.00,4.5 out of 5 stars,N/A,smartphone
"Samsung Electronics Galaxy A03s, AT&T GSM Unlocked Smartphone, Android Cell Phone, Long Battery Power, US Version, 32GB, Blue (Renewed)",$77.99,4.0 out of 5 stars,N/A,smartphone
"Tracfone, TCL FLIP 3, 16GB, Prepaid Flip Phone, Stone Gray, 5MP Video Capable Camera, Easy Setup, Locked [Sim Card Included - Separate Purchase Not Necessary]",$19.88,4.2 out of 5 stars,N/A,smartphone
"SAMSUNG Galaxy A05 (SM-A055M/DS), 128GB 4GB RAM, Dual SIM, Factory Unlocked GSM, International Version (Wall Charger Bundle) - (Black)",$116.00,4.2 out of 5 stars,N/A,smartphone
Android Smartphones For Seniors For Dummies (For Dummies (Computer/Tech)),$15.79,4.3 out of 5 stars,N/A,smartphone
"Samsung Galaxy S25 Edge Phone, 512 GB AI Smartphone, Unlocked Android, Night Video, Fast Processor, ProScaler Display, All-Day Battery, 2025, US 1 Yr Manufacturer Warranty, Titanium JetBlack",$897.99,4.5 out of 5 stars,N/A,smartphone
BLU G64L | 2025 | Unlocked | 6.8” HD+ Infinity Display | 64/4GB | Triple 13MP Camera | US Version | US Warranty | Blue,N/A,4.1 out of 5 stars,N/A,smartphone
Android Smartphones For Dummies,$17.09,4.0 out of 5 stars,N/A,smartphone
"Blackview Fort 1 Rugged Phone Android 15, 18GB+256GB 2TB Expand 10000mAh Battery Rugged Smartphone Unlocked, Gemini AI 6.56 Inch 90Hz, 4G T-Mobile Dual SIM IP69K Waterproof, Fingerprint/NFC/OTG/GPS",$166.99,4.4 out of 5 stars,N/A,smartphone
Samsung Electronics Galaxy Note 20 5G Unlocked Android Cell Phone | US Version | 128GB of Storage | Mobile Gaming Smartphone | Long-Lasting Battery | Mystic Gray (Renewed),$179.00,4.0 out of 5 stars,N/A,smartphone
"Samsung Galaxy Note 20 5G (128GB, 8GB) 6.7"" AMOLED+, Snapdragon 865, Global 5G VoLTE (Fully Unlocked for AT&T, Verizon, Sprint, Metro) N981U (Mystic Bronze) (Renewed)",$186.75,4.0 out of 5 stars,N/A,smartphone
"SAMSUNG Galaxy A16 5G Dual SIM (128GB, 2025) 6.7"" 90Hz AMOLED, Water Resistant, 8Core, 50MP Camera (Factory Unlocked International Model for GSM, Global) A166M/DS Blue Black",$182.99,4.3 out of 5 stars,N/A,smartphone
"Samsung Galaxy A35 5G A Series Cell Phone, 128GB Unlocked Android Smartphone, AMOLED Display, Advanced Triple Camera System, Expandable Storage, Rugged Design,US Version, 2024, Awesome Navy (Renewed)",$182.99,4.2 out of 5 stars,N/A,smartphone
"SAMSUNG Galaxy S25 Ultra Cell Phone, 256GB AI Smartphone, Unlocked Android, AI Camera, Fast Processor, Long Battery Life, 2025, Titanium Black (Renewed)",$818.00,4.2 out of 5 stars,N/A,smartphone
"SAMSUNG Galaxy A03s Cell Phone, Unlocked Android Smartphone, 32GB, Long Lasting Battery, Expandable Storage, 3 Camera Lenses, Infinite Display - Black (Renewed)",$69.07,3.6 out of 5 stars,N/A,smartphone
Samsung Galaxy A05 A055M 64GB Dual-SIM GSM Unlocked Android Smartphone (Latin America Version) - Silver,$112.50,4.5 out of 5 stars,N/A,smartphone
Motorola Moto G Play | 2024 | AT&T Unlocked 4G LTE | 4/64GB | 50 MP Camera | Sapphire Blue (Renewed),$84.95,4.2 out of 5 stars,N/A,smartphone
"Motorola Moto G Power 5G | 2023 | Unlocked | Made for US 6/256GB | 50 MPCamera | Mineral Black, 163.06 x 74.8 x 8.45mm",$264.99,4.2 out of 5 stars,N/A,smartphone
Google Pixel 10 Pro Fold - Unlocked Android Smartphone - Gemini AI Assistant - Advanced Triple Rear Camera System - 24+ Hour Battery - Foldable Display - Moonstone - 512 GB (2025 Model),"$1,919.00",4.3 out of 5 stars,N/A,smartphone
